{
  "id": "pengos-spell-compendium",
  "title": "Pengos Spell Compendium",
  "description": "A collection of spells not included in SRD",
  "version": "0.0.1",
  "library": "false",
  "manifestPlusVersion": "0.0.1",
  "compatibility": {
    "minimum": 11,
    "verified": 11,
    "maximum": 11
  },
  "socket": true,
  "authors": [
    {
      "name": "pengo1998",
      "url": "",
      "discord": "theengimaticpenguin"
    }
  ],
  "relationships": {
    "systems": [
      {
        "id": "dnd5e",
        "type": "system"
      }
    ],
    "requires": [
      {
        "id": "socketlib",
        "type": "module"
      }
    ]
  },
  "conflicts": [],
  "scripts": [
    "./index.js",
    "./spells/Toll The Dead.js"
  ],
  "styles": [
    "/styles/module.css"
  ],
  "system": [
    "dnd5e"
  ],
  "url": "https://github.com/pengo1998/pengos-spell-compendium",
  "manifest": "https://raw.githubusercontent.com/pengo1998/pengos-spell-compendium/main/src/pengos-spell-compendium/module.json",
  "download": "https://raw.githubusercontent.com/pengo1998/pengos-spell-compendium/main/releases/pengos-spell-compendium.zip",
  "name": "",
  "minimumCoreVersion": "11",
  "compatibleCoreVersion": "11"
}